Workbook

Sheet Planilha3
A1: id | B1: nome 1 | C1: Categoria | D1: subcat | E1: descricao | F1: preco | G1: estoque | H1: imagem | I1: imagem1
A2: 7 | B2: Água Mineral | C2: agua 6 | D2: 1 | E2: Garrafa de água mineral (500ml) | F2: 3.00 | G2: 80 | H2: ../img/agua.jpg | I2: img/agua.jpg | J2: ="('"&D2&"',"&"'"&E2&"',"&"'"&F2&"',"&"'"&G2&"',"&"'"&H2&"',"&"'"&I2&"')," -> ('1','Garrafa de água mineral (500ml)','3.00','80','../img/agua.jpg','img/agua.jpg'),
A3: 20 | B3: Chá Gelado | C3: chá 7 | D3: 2 | E3: Garrafa de chá gelado Pessego (1,5l) | F3: 5.00 | G3: 30 | H3: ../img/chagelado.jpg | I3: img/chagelado.jpg | J3: ="('"&D3&"',"&"'"&E3&"',"&"'"&F3&"',"&"'"&G3&"',"&"'"&H3&"',"&"'"&I3&"')," -> ('2','Garrafa de chá gelado Pessego (1,5l)','5.00','30','../img/chagelado.jpg','img/chagelado.jpg'),
A4: 8 | B4: Chocolate | C4: Chocolate 2 | D4: 16 | E4: Barra de chocolate ao leite 50g | F4: 4.50 | G4: 60 | H4: ../img/chocolate.jpg | I4: img/chocolate.jpg | J4: ="('"&D4&"',"&"'"&E4&"',"&"'"&F4&"',"&"'"&G4&"',"&"'"&H4&"',"&"'"&I4&"')," -> ('16','Barra de chocolate ao leite 50g','4.50','60','../img/chocolate.jpg','img/chocolate.jpg'),
A5: 9 | B5: Bala | C5: doce 1 | D5: 4 | E5: Bala de goma | F5: 0.50 | G5: 200 | H5: ../img/bala.jpg | I5: img/bala.jpg | J5: ="('"&D5&"',"&"'"&E5&"',"&"'"&F5&"',"&"'"&G5&"',"&"'"&H5&"',"&"'"&I5&"')," -> ('4','Bala de goma','0.50','200','../img/bala.jpg','img/bala.jpg'),
A6: 11 | B6: Salada de Frutas | C6: doce 1 | D6: 15 | E6: Mix de frutas frescas | F6: 6.50 | G6: 15 | H6: ../img/saladadefrutas.jpg | I6: img/saladadefrutas.jpg | J6: ="('"&D6&"',"&"'"&E6&"',"&"'"&F6&"',"&"'"&G6&"',"&"'"&H6&"',"&"'"&I6&"')," -> ('15','Mix de frutas frescas','6.50','15','../img/saladadefrutas.jpg','img/saladadefrutas.jpg'),
A7: 12 | B7: Iogurte | C7: doce 1 | D7: 5 | E7: Iogurte natural com granola | F7: 5.00 | G7: 30 | H7: ../img/iogurte.jpg | I7: img/iogurte.jpg | J7: ="('"&D7&"',"&"'"&E7&"',"&"'"&F7&"',"&"'"&G7&"',"&"'"&H7&"',"&"'"&I7&"')," -> ('5','Iogurte natural com granola','5.00','30','../img/iogurte.jpg','img/iogurte.jpg'),
A8: 13 | B8: Biscoito Recheado | C8: doce 1 | D8: 6 | E8: Pacote de biscoito recheado (130g) | F8: 3.00 | G8: 70 | H8: ../img/nikito.jpg | I8: img/nikito.jpg | J8: ="('"&D8&"',"&"'"&E8&"',"&"'"&F8&"',"&"'"&G8&"',"&"'"&H8&"',"&"'"&I8&"')," -> ('6','Pacote de biscoito recheado (130g)','3.00','70','../img/nikito.jpg','img/nikito.jpg'),
A9: 15 | B9: Bolo | C9: doce 1 | D9: 7 | E9: Fatia de bolo de chocolate | F9: 4.00 | G9: 20 | H9: ../img/bolo.jpg | I9: img/bolo.jpg | J9: ="('"&D9&"',"&"'"&E9&"',"&"'"&F9&"',"&"'"&G9&"',"&"'"&H9&"',"&"'"&I9&"')," -> ('7','Fatia de bolo de chocolate','4.00','20','../img/bolo.jpg','img/bolo.jpg'),
A10: 19 | B10: Sorvete | C10: doce 1 | D10: 8 | E10: Casquinha de sorvete | F10: 4.50 | G10: 40 | H10: ../img/sorvete.jpg | I10: img/hotdog.jpg | J10: ="('"&D10&"',"&"'"&E10&"',"&"'"&F10&"',"&"'"&G10&"',"&"'"&H10&"',"&"'"&I10&"')," -> ('8','Casquinha de sorvete','4.50','40','../img/sorvete.jpg','img/hotdog.jpg'),
A11: 10 | B11: Sanduíche Natural | C11: lanche 5 | D11: 9 | E11: Sanduíche com peito de peru e queijo | F11: 7.00 | G11: 25 | H11: ../img/sanduiche.jpg | I11: img/sanduiche.jpg | J11: ="('"&D11&"',"&"'"&E11&"',"&"'"&F11&"',"&"'"&G11&"',"&"'"&H11&"',"&"'"&I11&"')," -> ('9','Sanduíche com peito de peru e queijo','7.00','25','../img/sanduiche.jpg','img/sanduiche.jpg'),
A12: 18 | B12: Hot Dog | C12: lanche 5 | D12: 10 | E12: Cachorro-quente simples | F12: 7.50 | G12: 25 | H12: ../img/hotdog.jpg | I12: img/hotdog.jpg | J12: ="('"&D12&"',"&"'"&E12&"',"&"'"&F12&"',"&"'"&G12&"',"&"'"&H12&"',"&"'"&I12&"')," -> ('10','Cachorro-quente simples','7.50','25','../img/hotdog.jpg','img/hotdog.jpg'),
A13: 6 | B13: Refrigerante | C13: refrigerante 8 | D13: 11 | E13: Lata de refrigerante (350ml) | F13: 5.50 | G13: 50 | H13: ../img/refrigerante.jpg | I13: img/refrigerante.jpg | J13: ="('"&D13&"',"&"'"&E13&"',"&"'"&F13&"',"&"'"&G13&"',"&"'"&H13&"',"&"'"&I13&"')," -> ('11','Lata de refrigerante (350ml)','5.50','50','../img/refrigerante.jpg','img/refrigerante.jpg'),
... A21: 5 | B21: Suco de Laranja | C21: suco 4 | D21: 15 | E21: Suco natural de laranja | F21: 6.00 | G21: 20 | H21: ../img/suco.jpg | I21: img/suco.jpg | J21: ="('"&D21&"',"&"'"&E21&"',"&"'"&F21&"',"&"'"&G21&"',"&"'"&H21&"',"&"'"&I21&"')," -> ('15','Suco natural de laranja','6.00','20','../img/suco.jpg','img/suco.jpg'),
B22: =E22 -> Kitcat | C22: 2 | D22: 3 | E22: Kitcat | F22: 5.00 | G22: 30 | H22: =_xlfn.XLOOKUP(E22,Planilha1!A:A,Planilha1!B:B) -> ../img/kitcat.jpg | I22: =_xlfn.XLOOKUP(E22,Planilha1!A:A,Planilha1!C:C) -> img/kitcat.jpg | J22: ="('"&D22&"',"&"'"&E22&"',"&"'"&F22&"',"&"'"&G22&"',"&"'"&H22&"',"&"'"&I22&"')," -> ('3','Kitcat','5.00','30','../img/kitcat.jpg ','img/kitcat.jpg '),
B23: Trento | C23: 2 | D23: 3 | E23: Trento Avelã | F23: 8.50 | G23: 50 | H23: =_xlfn.XLOOKUP(E23,Planilha1!A:A,Planilha1!B:B) -> ../img/trento avelas.jpg | I23: =_xlfn.XLOOKUP(E23,Planilha1!A:A,Planilha1!C:C) -> img/trento avelas.jpg | J23: ="('"&D23&"',"&"'"&E23&"',"&"'"&F23&"',"&"'"&G23&"',"&"'"&H23&"',"&"'"&I23&"')," -> ('3','Trento Avelã','8.50','50','../img/trento avelas.jpg ','img/trento avelas.jpg '),
B24: Trento | C24: 2 | D24: 3 | E24: Trento Drak | F24: 8.50 | G24: 50 | H24: =_xlfn.XLOOKUP(E24,Planilha1!A:A,Planilha1!B:B) -> ../img/trento dark.jpg | I24: =_xlfn.XLOOKUP(E24,Planilha1!A:A,Planilha1!C:C) -> img/trento dark.jpg | J24: ="('"&D24&"',"&"'"&E24&"',"&"'"&F24&"',"&"'"&G24&"',"&"'"&H24&"',"&"'"&I24&"')," -> ('3','Trento Drak','8.50','50','../img/trento dark.jpg ','img/trento dark.jpg '),
B25: Trento | C25: 2 | D25: 3 | E25: Trento Camarelo | F25: 8.50 | G25: 50 | H25: =_xlfn.XLOOKUP(E25,Planilha1!A:A,Planilha1!B:B) -> ../img/trento Caramelo.jpg | I25: =_xlfn.XLOOKUP(E25,Planilha1!A:A,Planilha1!C:C) -> img/trento Caramelo.jpg | J25: ="('"&D25&"',"&"'"&E25&"',"&"'"&F25&"',"&"'"&G25&"',"&"'"&H25&"',"&"'"&I25&"')," -> ('3','Trento Camarelo','8.50','50','../img/trento Caramelo.jpg ','img/trento Caramelo.jpg '),
B26: Trento | C26: 2 | D26: 3 | E26: Trento Morango | F26: 8.50 | G26: 50 | H26: =_xlfn.XLOOKUP(E26,Planilha1!A:A,Planilha1!B:B) -> ../img/trento morango.jpg | I26: =_xlfn.XLOOKUP(E26,Planilha1!A:A,Planilha1!C:C) -> img/trento morango.jpg | J26: ="('"&D26&"',"&"'"&E26&"',"&"'"&F26&"',"&"'"&G26&"',"&"'"&H26&"',"&"'"&I26&"')," -> ('3','Trento Morango','8.50','50','../img/trento morango.jpg ','img/trento morango.jpg '),
B27: Trento | C27: 2 | D27: 3 | E27: Trento Cheesse Morango | F27: 8.50 | G27: 50 | H27: =_xlfn.XLOOKUP(E27,Planilha1!A:A,Planilha1!B:B) -> ../img/trento cheese morango.jpg | I27: =_xlfn.XLOOKUP(E27,Planilha1!A:A,Planilha1!C:C) -> img/trento cheese morango.jpg | J27: ="('"&D27&"',"&"'"&E27&"',"&"'"&F27&"',"&"'"&G27&"',"&"'"&H27&"',"&"'"&I27&"')," -> ('3','Trento Cheesse Morango','8.50','50','../img/trento cheese morango.jpg ','img/trento cheese morango.jpg '),
B28: Trento | C28: 2 | D28: 3 | E28: Trento Chocolate | F28: 8.50 | G28: 50 | H28: =_xlfn.XLOOKUP(E28,Planilha1!A:A,Planilha1!B:B) -> ../img/trento chocolate 38.jpg | I28: =_xlfn.XLOOKUP(E28,Planilha1!A:A,Planilha1!C:C) -> img/trento chocolate 38.jpg | J28: ="('"&D28&"',"&"'"&E28&"',"&"'"&F28&"',"&"'"&G28&"',"&"'"&H28&"',"&"'"&I28&"')," -> ('3','Trento Chocolate','8.50','50','../img/trento chocolate 38.jpg ','img/trento chocolate 38.jpg '),
B29: Trento | C29: 2 | D29: 3 | E29: Trento Branco Dark | F29: 8.50 | G29: 50 | H29: =_xlfn.XLOOKUP(E29,Planilha1!A:A,Planilha1!B:B) -> ../img/trento branco-drak.jpg | I29: =_xlfn.XLOOKUP(E29,Planilha1!A:A,Planilha1!C:C) -> img/trento branco-drak.jpg | J29: ="('"&D29&"',"&"'"&E29&"',"&"'"&F29&"',"&"'"&G29&"',"&"'"&H29&"',"&"'"&I29&"')," -> ('3','Trento Branco Dark','8.50','50','../img/trento branco-drak.jpg ','img/trento branco-drak.jpg '),
B30: Trento | C30: 2 | D30: 3 | E30: Trento Duo | F30: 8.50 | G30: 50 | H30: =_xlfn.XLOOKUP(E30,Planilha1!A:A,Planilha1!B:B) -> ../img/trento duo.jpg | I30: =_xlfn.XLOOKUP(E30,Planilha1!A:A,Planilha1!C:C) -> img/trento duo.jpg | J30: ="('"&D30&"',"&"'"&E30&"',"&"'"&F30&"',"&"'"&G30&"',"&"'"&H30&"',"&"'"&I30&"')," -> ('3','Trento Duo','8.50','50','../img/trento duo.jpg ','img/trento duo.jpg '),
B31: Trento | C31: 2 | D31: 3 | E31: Trento Limão | F31: 8.50 | G31: 50 | H31: =_xlfn.XLOOKUP(E31,Planilha1!A:A,Planilha1!B:B) -> ../img/trento limao.jpg | I31: =_xlfn.XLOOKUP(E31,Planilha1!A:A,Planilha1!C:C) -> img/trento limao.jpg | J31: ="('"&D31&"',"&"'"&E31&"',"&"'"&F31&"',"&"'"&G31&"',"&"'"&H31&"',"&"'"&I31&"')," -> ('3','Trento Limão','8.50','50','../img/trento limao.jpg ','img/trento limao.jpg '),
B32: Trento | C32: 2 | D32: 3 | E32: Trento Maracujá | F32: 8.50 | G32: 50 | H32: =_xlfn.XLOOKUP(E32,Planilha1!A:A,Planilha1!B:B) -> ../img/trento maracuja.jpg | I32: =_xlfn.XLOOKUP(E32,Planilha1!A:A,Planilha1!C:C) -> img/trento maracuja.jpg | J32: ="('"&D32&"',"&"'"&E32&"',"&"'"&F32&"',"&"'"&G32&"',"&"'"&H32&"',"&"'"&I32&"')," -> ('3','Trento Maracujá','8.50','50','../img/trento maracuja.jpg ','img/trento maracuja.jpg '),
B33: Trento | C33: 2 | D33: 3 | E33: Trento Milk | F33: 8.50 | G33: 50 | H33: =_xlfn.XLOOKUP(E33,Planilha1!A:A,Planilha1!B:B) -> ../img/trento milk.jpg | I33: =_xlfn.XLOOKUP(E33,Planilha1!A:A,Planilha1!C:C) -> img/trento milk.jpg | J33: ="('"&D33&"',"&"'"&E33&"',"&"'"&F33&"',"&"'"&G33&"',"&"'"&H33&"',"&"'"&I33&"')," -> ('3','Trento Milk','8.50','50','../img/trento milk.jpg ','img/trento milk.jpg '),
B34: Trento | C34: 2 | D34: 3 | E34: Trento Trufa de Maçã | F34: 8.50 | G34: 50 | H34: =_xlfn.XLOOKUP(E34,Planilha1!A:A,Planilha1!B:B) -> ../img/trento trufa Maçã .jpg | I34: =_xlfn.XLOOKUP(E34,Planilha1!A:A,Planilha1!C:C) -> img/trento trufa Maçã.jpg | J34: ="('"&D34&"',"&"'"&E34&"',"&"'"&F34&"',"&"'"&G34&"',"&"'"&H34&"',"&"'"&I34&"')," -> ('3','Trento Trufa de Maçã','8.50','50','../img/trento trufa Maçã .jpg ','img/trento trufa Maçã.jpg '),
... B73: Fini | C73: 1 | D73: 4 | E73: Bala Escovinhas Fini | F73: 7.50 | G73: 50 | H73: =_xlfn.XLOOKUP(E73,Planilha1!A:A,Planilha1!B:B) -> ../img/Bala Escovinhas Fini.jpg | I73: =_xlfn.XLOOKUP(E73,Planilha1!A:A,Planilha1!C:C) -> img/Bala Escovinhas Fini.jpg | J73: ="('"&D73&"',"&"'"&E73&"',"&"'"&F73&"',"&"'"&G73&"',"&"'"&H73&"',"&"'"&I73&"')," -> ('4','Bala Escovinhas Fini','7.50','50','../img/Bala Escovinhas Fini.jpg ','img/Bala Escovinhas Fini.jpg '),

Sheet Planilha1
A1: Aros de Morango Azedinhos 80g | B1: ../img/Aros de Morango Azedinhos 80g - Fini.jpg | C1: img/Aros de Morango Azedinhos 80g - Fini.jpg
A2: Bala Fini banana | B2: ../img/Bala Bananas fini.jpg | C2: img/Bala Bananas fini.jpg
A3: Bala Escovinhas Fini | B3: ../img/Bala Escovinhas Fini.jpg | C3: img/Bala Escovinhas Fini.jpg
A4: Bala Gelatina Amoras Fini | B4: ../img/Bala Fini amora.jpg | C4: img/Bala Fini amora.jpg
A5: Tubes Fini Azedinhos | B5: ../img/Bala Fini banana.jpg | C5: img/Bala Fini banana.jpg
A6: Barra Nutry bolo_chocolate | B6: ../img/Barra Nutry bolo_chocolate.jpg | C6: img/Barra Nutry bolo_chocolate.jpg
A7: Bala fini tubes | B7: ../img/Bala fini tubes.jpg | C7: img/Bala fini tubes.jpg
A8: Bala Gelatina Amoras Fini | B8: ../img/Bala Gelatina Amoras Fini.jpg | C8: img/Bala Gelatina Amoras Fini.jpg
A9: Bala Gelatina Beijos Fini | B9: ../img/bala gelatina fini.jpg | C9: img/bala gelatina fini.jpg
A10: Bala Gelatina Finiburguers Fini | B10: ../img/Bala Gelatina Finiburguers Fini.jpg | C10: img/Bala Gelatina Finiburguers Fini.jpg
A11: Bala Gelatinas Polvo Fini | B11: ../img/Bala Gelatinas Polvo 80g FINI.jpg | C11: img/Bala Gelatinas Polvo 80g FINI.jpg
A12: Barra Nutry Avelãs | B12: ../img/barra nutry avela.jpg | C12: img/barra nutry avela.jpg
... A55: Sprite | B55: ../img/sprite.jpeg | C55: img/sprite.jpeg
